City_ID,City,Country,Lat,Lng,Max Temp,Humidity,Cloudiness,Wind Speed,Current Description
0,Assomada,CV,15.1,-23.6833,69.35,83,5,13.6,clear sky
1,Punta Arenas,CL,-53.15,-70.9167,46.51,57,0,13.8,clear sky
2,Hobart,AU,-42.8794,147.3294,51.66,68,40,9.22,scattered clouds
3,Chuy,UY,-33.6971,-53.4616,58.6,89,100,2.73,overcast clouds
4,Tuktoyaktuk,CA,69.4541,-133.0374,32.41,74,36,8.57,scattered clouds
5,Petropavlovsk-Kamchatskiy,RU,53.0452,158.6483,57.79,44,75,13.42,broken clouds
6,Peniche,PT,39.3558,-9.3811,62.29,85,43,10.8,scattered clouds
7,Juneau,US,58.3019,-134.4197,69.84,72,75,10.36,broken clouds
8,Avarua,CK,-21.2078,-159.775,82.45,78,17,11.5,few clouds
9,Vila Velha,BR,-20.3297,-40.2925,67.95,77,0,3.44,clear sky
10,Mataura,NZ,-46.1927,168.8643,50.49,74,0,3.27,clear sky
11,Surt,LY,31.2089,16.5887,74.82,73,0,4.7,clear sky
12,Los Llanos De Aridane,ES,28.6585,-17.9182,65.95,74,40,13.8,scattered clouds
13,Yellowknife,CA,62.456,-114.3525,75.56,25,80,17.0,broken clouds
14,Rabo De Peixe,PT,37.8,-25.5833,68.27,93,40,1.14,scattered clouds
15,Castro,BR,-24.7911,-50.0119,55.51,89,86,3.44,overcast clouds
16,Mayo,US,38.8876,-76.5119,78.19,49,0,8.05,clear sky
17,Barrow,US,71.2906,-156.7887,28.42,86,100,23.02,overcast clouds
18,New Norfolk,AU,-42.7826,147.0587,51.3,76,97,8.01,overcast clouds
19,Osakarovka,KZ,50.565,72.5692,51.42,58,100,6.38,overcast clouds
20,Bathsheba,BB,13.2167,-59.5167,79.41,94,75,20.71,broken clouds
21,Bambous Virieux,MU,-20.3428,57.7575,71.85,88,75,9.22,light intensity shower rain
22,Cape Town,ZA,-33.9258,18.4232,64.11,51,10,4.68,clear sky
23,Ushuaia,AR,-54.8,-68.3,33.66,86,84,12.26,broken clouds
24,Hilo,US,19.7297,-155.09,89.28,80,75,9.22,broken clouds
25,Drovyanaya,RU,51.5833,113.0333,55.81,71,100,0.76,overcast clouds
26,Bredasdorp,ZA,-34.5322,20.0403,54.48,79,8,4.12,clear sky
27,Kenai,US,60.5544,-151.2583,71.02,69,0,17.27,clear sky
28,Victoria,HK,22.2855,114.1577,86.18,87,97,8.99,overcast clouds
29,Chateaubelair,VC,13.2833,-61.25,79.32,83,40,12.66,scattered clouds
30,Busselton,AU,-33.65,115.3333,54.5,72,100,9.26,overcast clouds
31,Saint-Philippe,RE,-21.3585,55.7679,69.39,70,51,9.08,broken clouds
32,Farafangana,MG,-22.8167,47.8333,67.64,90,71,3.89,light rain
33,Dikson,RU,73.5069,80.5464,30.04,97,100,7.85,snow
34,Oyama,JP,36.3,139.8,55.17,93,100,11.65,light rain
35,Turayf,SA,31.6725,38.6637,77.25,27,0,11.5,clear sky
36,Saldanha,ZA,-33.0117,17.9442,55.45,40,2,7.92,clear sky
37,Zabol,AF,32.25,67.25,64.06,13,0,5.66,clear sky
38,Bethel,US,41.3712,-73.414,73.53,44,0,5.75,clear sky
39,Rikitea,PF,-23.1203,-134.9692,73.58,78,17,17.72,light rain
40,Maragogi,BR,-9.0122,-35.2225,74.39,88,7,7.74,clear sky
41,Albany,US,42.6001,-73.9662,73.63,37,11,6.73,few clouds
42,Kaitangata,NZ,-46.2817,169.8464,50.76,71,1,3.31,clear sky
43,Constitucion,CL,-35.3333,-72.4167,53.67,83,50,4.43,scattered clouds
44,Lucapa,AO,-8.4192,20.7447,62.4,51,15,4.92,few clouds
45,Cidreira,BR,-30.1811,-50.2056,62.19,96,100,9.26,overcast clouds
46,Puerto Ayora,EC,-0.7393,-90.3518,73.54,91,97,5.01,overcast clouds
47,Kipini,KE,-2.5257,40.5262,76.39,85,73,21.41,light rain
48,Jamestown,US,42.097,-79.2353,66.02,37,100,8.05,overcast clouds
49,Ribeira Grande,PT,38.5167,-28.7,65.8,96,96,11.25,overcast clouds
50,Kapaa,US,22.0752,-159.319,82.47,70,20,11.5,few clouds
51,Longyearbyen,SJ,78.2186,15.6401,42.64,87,75,8.05,broken clouds
52,Port Alfred,ZA,-33.5906,26.891,58.17,88,10,1.01,clear sky
53,Varhaug,NO,58.6147,5.6457,51.69,84,89,11.48,overcast clouds
54,Hithadhoo,MV,-0.6,73.0833,82.87,69,61,5.44,broken clouds
55,Bolshaya Sosnova,RU,57.6713,54.6029,52.18,88,100,2.59,overcast clouds
56,Aldan,RU,58.6031,125.3894,68.23,48,18,1.72,few clouds
57,Kargasok,RU,59.0556,80.8572,35.38,91,23,5.3,few clouds
58,Manado,ID,1.487,124.8455,77.77,94,40,2.3,scattered clouds
59,Gat,IL,31.61,34.7642,77.4,68,0,3.0,clear sky
60,Bluff,NZ,-46.6,168.3333,50.81,78,9,9.48,clear sky
61,Nikolskoye,RU,59.7035,30.7861,55.29,77,94,6.31,overcast clouds
62,Corinto,GR,37.9407,22.9573,78.42,56,31,1.34,scattered clouds
63,Lompoc,US,34.6391,-120.4579,87.57,73,40,27.0,scattered clouds
64,Miranda,CO,3.2499,-76.2281,77.13,89,98,2.66,overcast clouds
65,Qaanaaq,GL,77.484,-69.3632,30.72,77,0,2.93,clear sky
66,Norden,DE,53.6,7.2,61.95,94,100,18.9,overcast clouds
67,Honiara,SB,-9.4333,159.95,80.08,83,92,6.26,overcast clouds
68,Tuatapere,NZ,-46.1333,167.6833,51.35,81,18,5.53,few clouds
69,Adamovka,RU,51.5223,59.9396,53.87,95,22,7.94,few clouds
70,Binga,ZW,-17.6203,27.3414,62.04,47,0,5.46,clear sky
71,Hermanus,ZA,-34.4187,19.2345,56.8,56,18,8.23,few clouds
72,Ancud,CL,-41.8697,-73.8203,48.29,90,100,21.65,moderate rain
73,Saskylakh,RU,71.9167,114.0833,35.38,60,29,9.42,scattered clouds
74,Ponta Delgada,PT,37.7333,-25.6667,69.49,94,40,1.14,scattered clouds
75,Okhotsk,RU,59.3833,143.3,49.28,72,47,8.63,scattered clouds
76,Thompson,CA,55.7435,-97.8558,64.56,45,75,12.66,broken clouds
77,Klaksvik,FO,62.2266,-6.589,50.92,89,100,11.07,overcast clouds
78,Codrington,AU,-38.2667,141.9667,49.23,72,85,16.55,overcast clouds
79,Ponta Do Sol,PT,32.6667,-17.1,66.7,79,9,2.51,clear sky
80,Khatanga,RU,71.9667,102.5,28.99,85,91,6.2,overcast clouds
81,Tornio,FI,65.8481,24.1466,44.62,63,25,9.75,scattered clouds
82,Vaini,TO,-21.2,-175.2,80.76,74,20,4.61,few clouds
83,Chernyshevsk,RU,52.5243,117.0174,60.76,47,60,1.16,broken clouds
84,Kurlovo,RU,55.4325,40.4854,48.52,98,35,5.68,scattered clouds
85,Georgetown,MY,5.4112,100.3354,78.73,98,20,3.44,few clouds
86,Woodstock,CA,43.1334,-80.7497,62.82,82,97,3.0,light rain
87,Zamora,EC,-4.0692,-78.9567,83.44,92,98,0.87,overcast clouds
88,Port Elizabeth,ZA,-33.918,25.5701,55.31,92,0,3.44,clear sky
89,Cherskiy,RU,68.75,161.3,41.18,61,54,18.52,broken clouds
90,Tiksi,RU,71.6872,128.8694,46.08,73,64,4.41,broken clouds
91,Alofi,NU,-19.0595,-169.9187,76.89,88,9,8.05,clear sky
92,Del Rio,US,29.3627,-100.8968,106.2,18,0,11.5,clear sky
93,Provideniya,RU,64.3833,-173.3,41.36,81,0,7.0,clear sky
94,Odessa,UA,46.4775,30.7326,63.79,70,99,13.13,overcast clouds
95,Tra Vinh,VN,9.9347,106.3453,76.89,90,71,4.45,broken clouds
96,Bandar-E Lengeh,IR,26.5579,54.8807,86.94,51,0,4.59,clear sky
97,La Union,PE,-5.4,-80.75,72.37,62,81,18.81,broken clouds
98,Tasiilaq,GL,65.6145,-37.6368,41.16,57,13,4.16,few clouds
99,Viedma,AR,-40.8135,-62.9967,53.06,55,4,14.14,clear sky
100,Santa Maria,BR,-29.6842,-53.8069,63.27,97,100,2.15,moderate rain
101,Tilichiki,RU,60.4667,166.1,45.86,81,96,7.7,overcast clouds
102,Tucurui,BR,-3.7661,-49.6725,74.07,94,87,2.39,moderate rain
103,Tommot,RU,58.9564,126.2925,69.06,59,28,1.74,scattered clouds
104,Antofagasta,CL,-23.65,-70.4,58.28,82,34,1.9,scattered clouds
105,Bahia Honda,CU,22.9036,-83.1592,81.72,80,54,4.88,broken clouds
106,Sweetwater,US,25.7634,-80.3731,88.02,75,75,11.99,broken clouds
107,Souillac,MU,-20.5167,57.5167,71.98,88,75,9.22,light intensity shower rain
108,Mariana,BR,-20.3778,-43.4161,55.53,89,23,1.23,few clouds
109,Upernavik,GL,72.7868,-56.1549,31.26,74,0,10.42,clear sky
110,Airai,TL,-8.9266,125.4092,61.14,85,98,2.39,overcast clouds
111,Kavaratti,IN,10.5669,72.642,82.74,76,100,12.26,overcast clouds
112,Luena,AO,-11.7833,19.9167,49.41,61,3,4.85,clear sky
113,Atuona,PF,-9.8,-139.0333,78.26,73,62,15.21,broken clouds
114,Bay Roberts,CA,47.5999,-53.2648,51.06,71,100,3.0,overcast clouds
115,Chapais,CA,49.7834,-74.8492,56.98,94,100,3.65,overcast clouds
116,San Patricio,US,28.017,-97.5169,95.18,51,0,17.31,clear sky
117,Dukat,RU,62.55,155.55,57.36,46,95,6.62,overcast clouds
118,Lebu,CL,-37.6167,-73.65,52.12,93,100,6.89,overcast clouds
119,Urumqi,CN,43.801,87.6005,61.75,45,0,2.24,clear sky
120,Nikolsk,RU,53.7189,46.0712,56.79,78,100,3.98,overcast clouds
121,Monroe,US,43.1501,-77.6831,71.28,48,100,6.91,overcast clouds
122,Kemijarvi,FI,66.7131,27.4306,43.99,65,75,6.93,broken clouds
123,Yulara,AU,-25.2406,130.9889,49.57,67,39,7.14,scattered clouds
124,Acari,PE,-15.4311,-74.6158,68.81,73,75,2.93,broken clouds
125,Kruisfontein,ZA,-34.0033,24.7314,52.88,84,17,5.3,few clouds
126,San Rafael,AR,-34.6177,-68.3301,52.36,47,32,5.39,scattered clouds
127,Touros,BR,-5.1989,-35.4608,78.19,79,94,13.0,moderate rain
128,Hofn,IS,64.2539,-15.2082,51.93,83,83,10.09,broken clouds
129,Guerrero Negro,MX,27.9769,-114.0611,68.23,68,6,23.51,clear sky
130,Sola,VU,-13.8833,167.55,80.4,79,52,19.93,broken clouds
131,Caliling,PH,9.9804,122.4814,81.05,71,99,1.5,overcast clouds
132,Kismayo,SO,-0.3582,42.5454,78.6,77,83,15.41,broken clouds
133,Port Augusta,AU,-32.5,137.7667,48.78,79,14,4.52,few clouds
134,Ilulissat,GL,69.2167,-51.1,42.82,42,7,19.57,clear sky
135,Portland,US,45.5234,-122.6762,69.84,73,40,10.36,scattered clouds
136,Eyl,SO,7.9803,49.8164,77.9,85,67,16.69,broken clouds
137,Chokurdakh,RU,70.6333,147.9167,51.51,36,38,9.66,scattered clouds
138,Matamoros,MX,25.5333,-103.25,98.71,12,75,9.22,broken clouds
139,Tshikapa,CD,-6.4167,20.8,69.1,49,1,2.8,clear sky
140,Saint Anthony,US,45.0205,-93.218,73.76,65,100,11.5,overcast clouds
141,Inyonga,TZ,-6.7167,32.0667,59.99,60,5,5.68,clear sky
142,Maniitsoq,GL,65.4167,-52.9,46.78,55,0,9.98,clear sky
143,Cabo San Lucas,MX,22.8909,-109.9124,90.61,42,0,12.66,clear sky
144,Lata,PT,40.1629,-8.3327,53.13,95,35,1.59,scattered clouds
145,Kyren,RU,51.6828,102.1408,54.52,85,100,1.9,overcast clouds
146,Port Hardy,CA,50.6996,-127.4199,57.38,67,75,11.5,broken clouds
147,Chokwe,MZ,-24.5333,32.9833,62.28,94,8,9.15,clear sky
148,Seoul,KR,37.5683,126.9778,63.79,88,100,8.05,light rain
149,Richards Bay,ZA,-28.783,32.0377,65.46,74,92,6.64,overcast clouds
150,Todos Santos,MX,23.45,-110.2167,74.1,60,0,8.16,clear sky
151,Rakiv Lis,UA,51.6217,24.9243,53.71,91,5,5.35,clear sky
152,Valparaiso,CL,-33.0393,-71.6273,56.48,84,0,4.61,clear sky
153,Onda,ES,39.9667,-0.25,69.91,57,61,4.83,broken clouds
154,Shelburne,CA,44.0787,-80.2041,65.16,47,99,2.89,overcast clouds
155,Selvik,NO,59.5689,10.2583,55.76,76,13,2.44,few clouds
156,Chitose,JP,42.8194,141.6522,59.49,82,75,11.5,broken clouds
157,Dicabisagan,PH,17.0818,122.4157,81.54,82,78,6.96,broken clouds
158,Nazira,IN,26.9167,94.7333,74.34,94,84,2.53,broken clouds
159,Nome,US,64.5011,-165.4064,68.16,36,0,14.97,clear sky
160,Severo-Kurilsk,RU,50.6789,156.125,45.73,80,77,5.17,broken clouds
161,Rognan,NO,67.0953,15.3878,45.05,89,91,4.43,overcast clouds
162,Maceio,BR,-9.6658,-35.7353,74.64,88,75,5.75,broken clouds
163,East London,ZA,-33.0153,27.9116,60.96,77,35,11.21,scattered clouds
164,Omsukchan,RU,62.5333,155.8,59.76,44,93,5.66,overcast clouds
165,Torrington,US,41.8007,-73.1212,73.94,46,96,2.86,overcast clouds
166,Ketchikan,US,55.3422,-131.6461,63.07,59,100,6.91,overcast clouds
167,Arman,RU,59.7,150.1667,64.02,85,75,6.98,broken clouds
168,Kahului,US,20.8947,-156.47,86.02,64,0,21.85,clear sky
169,Dingle,PH,10.9995,122.6711,78.19,86,100,1.14,overcast clouds
170,Cacador,BR,-26.7753,-51.015,56.64,99,85,3.4,overcast clouds
171,Auki,SB,-8.7676,160.7034,82.6,72,97,5.41,overcast clouds
172,Conceicao Da Barra,BR,-18.5933,-39.7322,65.73,74,46,6.51,scattered clouds
173,Bandarbeyla,SO,9.4942,50.8122,78.94,84,74,21.9,broken clouds
174,Kuantan,MY,3.8077,103.326,77.11,94,20,0.0,few clouds
175,Haines Junction,CA,60.7522,-137.5108,62.55,63,100,5.75,overcast clouds
176,Teloloapan,MX,18.35,-99.85,78.44,48,100,4.12,overcast clouds
177,Bayir,TR,37.2687,28.2167,64.92,71,0,2.98,clear sky
178,Salisbury,GB,51.0693,-1.7957,55.69,93,75,6.91,broken clouds
179,Hammond,US,41.5834,-87.5,78.49,54,0,6.91,clear sky
180,Saint-Augustin,CA,51.226,-58.6502,51.17,76,100,9.53,overcast clouds
181,Kirkintilloch,GB,55.9393,-4.1526,49.68,89,93,8.05,overcast clouds
182,Oranjemund,NA,-28.55,16.4333,68.59,28,2,9.26,clear sky
183,Cayenne,GF,4.9333,-52.3333,78.84,1,75,16.11,broken clouds
184,Ukiah,US,39.1502,-123.2078,76.44,63,100,9.22,overcast clouds
185,Leningradskiy,RU,69.3833,178.4167,35.62,76,93,9.24,overcast clouds
186,Esperance,AU,-33.8667,121.9,48.04,70,94,6.85,overcast clouds
187,Shenjiamen,CN,29.9576,122.298,68.45,88,100,11.27,overcast clouds
188,Amnat Charoen,TH,15.9167,104.75,77.0,88,99,5.59,overcast clouds
189,Deputatskiy,RU,69.3,139.9,57.56,61,100,3.4,overcast clouds
190,Kintampo,GH,8.0563,-1.7306,71.44,93,100,1.88,moderate rain
191,Tuy Hoa,VN,13.0833,109.3,78.8,79,13,5.01,few clouds
192,Olafsvik,IS,64.8945,-23.7142,41.88,52,92,12.88,overcast clouds
193,Geraldton,AU,-28.7667,114.6,48.61,71,2,17.27,clear sky
194,Am Timan,TD,11.0297,20.2827,83.68,54,74,8.9,broken clouds
195,Clyde River,CA,70.4692,-68.5914,32.23,93,0,6.91,clear sky
196,Sumenep,ID,-7.0167,113.8667,80.56,81,96,7.34,overcast clouds
197,Turukhansk,RU,65.8167,87.9833,36.64,68,92,5.37,overcast clouds
198,Krian,ID,-7.4104,112.5792,76.12,87,97,2.73,overcast clouds
199,Itoman,JP,26.1247,127.6694,82.42,89,40,18.41,scattered clouds
200,Katsuura,JP,35.1333,140.3,64.42,89,100,13.62,light rain
201,Polyarnyy,RU,69.1989,33.4478,44.22,96,100,17.85,light rain
202,Pihuamo,MX,19.2499,-103.3828,80.49,54,50,8.3,scattered clouds
203,Kontagora,NG,10.3999,5.4695,74.3,77,100,3.67,overcast clouds
204,Inuvik,CA,68.3499,-133.7218,39.96,60,20,10.36,few clouds
205,Brodokalmak,RU,55.5748,62.082,50.9,93,90,6.2,overcast clouds
206,Vostok,RU,46.4856,135.8833,53.58,46,98,3.42,overcast clouds
207,Nyrob,RU,60.733,56.7202,52.18,62,100,4.99,overcast clouds
208,Manacapuru,BR,-3.2997,-60.6206,76.93,88,77,0.22,broken clouds
209,Linqing,CN,36.8456,115.7117,76.19,29,1,12.77,clear sky
210,Qorveh,IR,35.1664,47.8045,63.18,36,35,4.92,scattered clouds
211,Mount Gambier,AU,-37.8333,140.7667,44.51,87,75,9.22,broken clouds
212,Mar Del Plata,AR,-38.0023,-57.5575,50.09,90,96,2.3,fog
213,Stephenville,US,32.2207,-98.2023,95.81,35,0,13.8,clear sky
214,Kodiak,US,57.79,-152.4072,56.71,72,100,12.66,overcast clouds
215,Blonie,PL,52.1985,20.6171,64.11,83,1,6.82,clear sky
216,Butaritari,KI,3.0707,172.7902,81.59,73,75,12.33,broken clouds
217,Manzanillo,CU,20.3433,-77.1167,84.47,64,98,8.63,overcast clouds
218,Dzilam Gonzalez,MX,21.2833,-88.9333,79.54,77,92,6.22,overcast clouds
219,Genhe,CN,50.7833,121.5167,58.55,50,3,1.68,clear sky
220,Muncar,ID,-8.4333,114.3333,76.5,91,90,1.34,overcast clouds
221,Coralville,US,41.6764,-91.5805,82.63,39,20,12.66,few clouds
222,Ajdabiya,LY,30.7554,20.2263,74.61,69,0,8.93,clear sky
223,Bridgetown,BB,13.1,-59.6167,79.29,94,75,20.71,broken clouds
224,Korhogo,CI,9.45,-5.6333,78.13,71,100,6.4,light rain
225,Verkhnevilyuysk,RU,63.4453,120.3167,64.02,77,99,6.96,overcast clouds
226,Sao Filipe,CV,14.8961,-24.4956,75.83,73,2,10.54,clear sky
227,Torbay,CA,47.6666,-52.7314,50.29,72,75,11.5,broken clouds
228,Emerald,AU,-23.5333,148.1667,60.35,85,99,8.32,overcast clouds
229,Sokoni,TZ,-6.4333,39.55,77.59,76,100,18.3,moderate rain
230,Abalak,RU,58.1286,68.5944,43.75,63,69,2.77,broken clouds
231,Saint-Joseph,RE,-21.3667,55.6167,68.38,69,42,8.32,scattered clouds
232,Andenes,NO,69.3143,16.1194,40.98,81,100,17.27,overcast clouds
233,Altay,CN,47.8667,88.1167,44.74,89,15,3.4,few clouds
234,Champerico,GT,14.3,-91.9167,77.54,74,99,8.39,overcast clouds
235,Waharoa,NZ,-37.7667,175.7667,57.74,94,100,6.02,light rain
236,Nanortalik,GL,60.1432,-45.2371,42.91,76,88,2.59,overcast clouds
237,Rawson,AR,-43.3002,-65.1023,51.33,48,100,8.1,overcast clouds
238,Linxia,CN,35.6003,103.2064,59.18,68,99,5.75,overcast clouds
239,Beringovskiy,RU,63.05,179.3167,48.18,63,98,6.38,overcast clouds
240,Jalu,LY,29.0331,21.5482,79.9,44,0,16.64,clear sky
241,Fairmont,US,39.4851,-80.1426,81.52,41,54,6.29,broken clouds
242,Tura,IN,25.5198,90.2201,72.97,97,56,4.16,heavy intensity rain
243,Khash,IR,28.2211,61.2158,68.09,12,0,4.12,clear sky
244,Krasnoturansk,RU,54.3186,91.5639,46.94,89,100,17.96,light rain
245,Banda Aceh,ID,5.5577,95.3222,79.65,81,100,8.77,overcast clouds
246,Broken Hill,AU,-31.95,141.4333,45.91,75,2,11.16,clear sky
247,Eskil,TR,38.4017,33.4131,64.15,70,58,3.06,broken clouds
248,Vila Franca Do Campo,PT,37.7167,-25.4333,69.19,86,100,5.77,overcast clouds
249,Ferme-Neuve,CA,46.7001,-75.4493,63.01,54,57,4.25,broken clouds
250,Oksfjord,NO,70.2396,22.3479,46.58,69,69,9.17,broken clouds
251,Carnarvon,AU,-24.8667,113.6333,65.21,51,0,7.0,clear sky
252,West Helena,US,34.5507,-90.6418,85.68,42,29,5.88,scattered clouds
253,Novocheremshansk,RU,54.3571,50.1666,58.64,77,98,4.92,overcast clouds
254,Soloneshnoye,RU,51.6544,84.3197,42.67,93,90,4.74,overcast clouds
255,Cam Ranh,VN,11.9214,109.1591,80.56,83,20,1.14,few clouds
256,La Ronge,CA,55.1001,-105.2842,57.45,38,20,16.11,smoke
257,Denpasar,ID,-8.65,115.2167,76.66,94,40,3.44,scattered clouds
258,Komsomolskiy,UZ,40.4272,71.7189,68.72,49,3,6.91,clear sky
259,Bubaque,GW,11.2833,-15.8333,80.65,78,41,13.35,scattered clouds
260,Andros Town,BS,24.7,-77.7667,80.56,68,26,17.11,scattered clouds
261,Marzuq,YE,14.4,46.4667,74.98,59,54,4.0,broken clouds
262,Mwanza,TZ,-2.5167,32.9,68.22,61,63,2.91,broken clouds
263,Sibu,MY,2.3,111.8167,75.51,94,40,1.14,scattered clouds
264,Coquimbo,CL,-29.9533,-71.3436,56.93,82,0,4.61,clear sky
265,Fort-Shevchenko,KZ,44.5086,50.263,73.9,42,45,8.19,scattered clouds
266,Synya,RU,65.3718,58.0387,44.8,58,1,4.03,clear sky
267,Saint George,US,37.1041,-113.5841,98.64,14,0,16.11,clear sky
268,Wilmington,US,34.2257,-77.9447,80.51,47,0,14.97,clear sky
269,Gorontalo,ID,0.5412,123.0595,76.93,90,80,1.34,broken clouds
270,Faanui,PF,-16.4833,-151.75,79.43,77,73,14.29,broken clouds
271,Miri,MY,4.4148,114.0089,78.94,94,40,5.75,moderate rain
272,Pemagatsel,BT,27.0319,91.4266,60.89,95,66,2.57,light rain
273,Narsaq,GL,60.9167,-46.05,55.62,53,100,3.06,overcast clouds
274,Muravlenko,RU,63.7898,74.523,36.14,58,96,2.57,overcast clouds
275,Anadyr,RU,64.75,177.4833,46.9,81,40,17.9,scattered clouds
276,Yarim,YE,14.298,44.3779,58.05,55,32,1.25,scattered clouds
277,Wewak,PG,-3.5534,143.6268,81.1,77,39,4.36,scattered clouds
278,Leua,SK,48.2156,18.6071,67.55,61,77,10.2,broken clouds
279,Sawakin,SD,19.1059,37.3321,84.43,52,2,4.97,clear sky
280,Bengkulu,ID,-3.8004,102.2655,76.8,83,100,3.83,overcast clouds
281,Te Anau,NZ,-45.4167,167.7167,48.56,86,30,2.01,scattered clouds
282,Braganca Paulista,BR,-22.94,-46.5556,58.23,84,4,3.38,clear sky
283,Mahon,ES,39.8885,4.2658,68.56,100,75,4.61,broken clouds
284,Pisco,PE,-13.7,-76.2167,66.02,82,0,19.57,clear sky
285,Yumen,CN,40.2833,97.2,66.02,24,46,2.06,scattered clouds
286,Kirensk,RU,57.7853,108.1119,52.11,87,62,1.25,broken clouds
287,Yarmouth,US,41.7057,-70.2286,66.61,61,0,9.22,clear sky
288,Wegorzewo,PL,54.2157,21.7372,51.71,91,2,5.66,clear sky
289,Berlevag,NO,70.8578,29.0864,42.6,87,100,9.22,overcast clouds
290,Teguise,ES,29.0605,-13.564,66.42,73,20,18.41,few clouds
291,Eureka,US,40.8021,-124.1637,66.67,90,78,8.43,broken clouds
292,Kavieng,PG,-2.5744,150.7967,82.76,69,42,5.23,scattered clouds
293,Walvis Bay,NA,-22.9575,14.5053,72.55,23,100,9.22,overcast clouds
294,Port Lincoln,AU,-34.7333,135.8667,53.83,64,73,17.11,broken clouds
295,Guanica,PR,17.9716,-66.908,85.6,72,69,12.03,broken clouds
296,Prieska,ZA,-29.6641,22.7474,55.2,35,0,4.97,clear sky
297,Salinopolis,BR,-0.6136,-47.3561,78.57,83,89,9.37,overcast clouds
298,Luganville,VU,-15.5333,167.1667,81.97,75,72,13.58,broken clouds
299,Norman Wells,CA,65.282,-126.8329,48.24,61,75,4.61,broken clouds
300,Batagay-Alyta,RU,67.8006,130.4114,63.28,49,66,2.73,broken clouds
301,Panjab,AF,34.388,67.0233,49.42,50,0,4.18,clear sky
302,Mecca,SA,21.4267,39.8261,90.36,18,0,4.88,clear sky
303,Mosjoen,NO,65.836,13.1908,41.81,78,96,2.82,overcast clouds
304,Igarka,RU,67.4667,86.5833,32.61,66,47,9.13,scattered clouds
305,Port-Cartier,CA,50.0334,-66.8654,53.82,71,79,7.16,broken clouds
306,Maihar,IN,24.2667,80.75,90.93,14,83,3.69,broken clouds
307,Nabire,ID,-3.3667,135.4833,76.75,81,8,1.63,clear sky
308,Port Pirie,AU,-33.1833,138.0167,52.54,73,14,12.59,few clouds
309,Bambanglipuro,ID,-7.95,110.2833,75.69,90,86,3.49,overcast clouds
310,Ingersoll,CA,43.0334,-80.883,61.29,83,97,7.18,overcast clouds
311,Arraial Do Cabo,BR,-22.9661,-42.0278,68.94,64,10,16.28,clear sky
312,Komsomolets,KZ,53.7453,62.0708,44.38,94,89,4.25,overcast clouds
313,Winchester,GB,51.0651,-1.3187,56.28,94,75,5.75,broken clouds
314,Gabu,GW,12.2833,-14.2167,78.1,80,94,8.43,overcast clouds
315,Mahebourg,MU,-20.4081,57.7,71.89,88,75,9.22,light intensity shower rain
316,Concordia,AR,-31.393,-58.0209,56.79,93,100,3.0,overcast clouds
317,Bairiki,KI,1.3292,172.9752,86.0,70,20,5.75,few clouds
318,Maltahohe,NA,-24.8333,16.9833,52.02,33,100,10.69,overcast clouds
319,Rebrikha,RU,53.0733,82.3408,44.87,79,95,5.57,overcast clouds
320,Hami,CN,42.8,93.45,69.15,23,0,14.32,clear sky
321,Mangai,CD,-4.05,19.5333,71.55,60,4,2.04,clear sky
322,Mahibadhoo,MV,3.7833,72.9667,82.98,73,49,11.48,scattered clouds
323,Shamary,RU,57.3434,58.2199,49.32,94,100,5.23,overcast clouds
324,Northam,GB,51.0333,-4.2167,54.66,97,89,2.82,overcast clouds
325,Bima,ID,-8.4667,118.7167,76.26,92,61,3.02,broken clouds
326,Puerto Escondido,MX,15.85,-97.0667,83.23,61,75,5.75,broken clouds
327,Filadelfia,US,39.9523,-75.1638,78.69,40,20,5.99,few clouds
328,Shingu,JP,33.7333,135.9833,65.73,97,100,18.34,light rain
329,Kailua,US,21.4022,-157.7394,85.98,70,100,11.5,overcast clouds
330,Reidsville,US,36.3549,-79.6645,78.49,57,0,0.0,clear sky
331,Krishnanagar,IN,23.4,88.5,82.94,82,46,12.86,scattered clouds
332,Pochutla,MX,15.7432,-96.4661,84.02,71,98,7.27,overcast clouds
333,Manitowoc,US,44.0667,-87.8001,60.69,95,100,3.44,overcast clouds
334,Pangnirtung,CA,66.1451,-65.7125,37.9,87,47,0.94,scattered clouds
335,Luban,PL,51.1201,15.2877,68.02,69,89,5.7,overcast clouds
336,Formosa,AR,-26.1775,-58.1781,73.38,88,0,1.14,light rain
337,Udachnyy,RU,66.4167,112.4,46.45,75,100,11.03,overcast clouds
338,Sambava,MG,-14.2667,50.1667,68.54,81,4,9.08,clear sky
339,Tukrah,LY,32.5341,20.5791,73.87,75,0,2.26,clear sky
340,Taldan,RU,53.6667,124.8,65.82,50,10,4.27,clear sky
341,Buraydah,SA,26.326,43.975,81.05,8,14,4.85,few clouds
342,Grenada,ES,37.1882,-3.6067,69.91,41,0,0.0,clear sky
343,Talnakh,RU,69.4865,88.3972,29.21,75,29,1.81,scattered clouds
344,Quatre Cocos,MU,-20.2078,57.7625,71.71,84,19,9.4,light rain
345,Isoka,ZM,-10.1606,32.6335,53.02,86,25,2.82,scattered clouds
346,Tocopilla,CL,-22.092,-70.1979,64.51,73,61,2.44,broken clouds
347,Maumere,ID,-8.6199,122.2111,79.43,82,33,4.54,scattered clouds
348,Virginia Beach,US,36.8529,-75.978,72.05,74,75,13.8,broken clouds
349,Birmitrapur,IN,22.4,84.7667,79.95,61,93,2.93,overcast clouds
350,Lorengau,PG,-2.0226,147.2712,83.03,66,6,5.06,clear sky
351,Baiyin,CN,36.5583,104.2081,67.68,37,100,6.87,overcast clouds
352,Nautla,MX,20.2167,-96.7833,85.69,63,77,16.71,broken clouds
353,Mercedes,AR,-34.6515,-59.4307,49.03,75,100,3.22,overcast clouds
354,Edea,CM,3.8,10.1333,73.24,99,95,1.74,light rain
355,Sept-Iles,CA,50.2001,-66.3821,54.12,67,20,3.44,few clouds
356,Neryungri,RU,56.6709,124.6491,65.91,52,26,1.45,scattered clouds
357,Kampong Thum,KH,12.7111,104.8887,77.5,87,56,2.84,broken clouds
358,Gushi,CN,34.6425,109.5843,78.8,24,53,1.97,broken clouds
359,Okha,RU,53.5739,142.9478,55.17,60,79,7.47,broken clouds
360,Lanja,IN,16.85,73.55,80.38,79,100,0.87,overcast clouds
361,Porto Novo,BJ,6.4965,2.6036,80.42,78,98,5.44,overcast clouds
362,Zelenogorskiy,RU,55.0333,87.0,42.33,97,100,9.48,light rain
363,Hamilton,US,39.1834,-84.5333,82.42,45,0,9.22,clear sky
364,Kasongo,CD,-4.45,26.6667,70.38,64,68,3.87,broken clouds
365,Tawau,MY,4.2498,117.8871,77.13,87,75,4.27,broken clouds
366,Agadez,NE,19.75,10.25,88.03,8,0,7.11,clear sky
367,Touho,NC,-20.7833,165.2333,75.9,72,91,8.86,overcast clouds
368,Marienburg,PL,54.0359,19.0266,53.58,92,31,5.32,scattered clouds
369,Rodeo,US,38.033,-122.2669,82.53,74,100,9.22,overcast clouds
370,Bako,ET,5.7833,36.5667,68.27,60,99,3.11,overcast clouds
371,Sitka,US,57.0531,-135.33,66.09,52,0,6.91,clear sky
372,Guadalupe Y Calvo,MX,26.1,-106.9667,68.86,51,61,10.42,broken clouds
373,Teguldet,RU,57.3064,88.1667,40.51,97,100,5.86,light rain
374,Toucheng,TW,24.8592,121.8233,85.95,75,90,2.01,overcast clouds
375,Aykhal,RU,66.0,111.5,47.61,58,100,11.07,overcast clouds
376,Harper,LR,4.375,-7.7169,78.31,85,100,7.74,overcast clouds
377,Wajir,KE,1.7471,40.0573,75.63,67,98,15.14,overcast clouds
378,Knarvik,NO,60.5422,5.2883,52.2,88,96,1.99,overcast clouds
379,Jinchang,CN,38.4953,102.1739,70.47,31,100,10.25,overcast clouds
380,Inongo,CD,-1.95,18.2667,72.19,71,85,4.34,overcast clouds
381,Salina,US,38.8403,-97.6114,78.93,69,75,6.91,broken clouds
382,Klyuchi,RU,52.2667,79.1667,46.36,58,99,4.09,overcast clouds
383,Atar,MR,20.5169,-13.0499,91.94,13,100,15.75,overcast clouds
384,Newtownards,GB,54.5924,-5.6909,55.35,79,95,6.91,overcast clouds
385,Kudahuvadhoo,MV,2.6708,72.8944,82.9,73,88,10.74,overcast clouds
386,Bam,IR,29.106,58.357,79.61,13,0,9.98,clear sky
387,Birao,CF,10.2849,22.7882,79.21,58,75,5.73,broken clouds
388,Buckhaven,GB,56.1715,-3.0338,50.79,90,100,3.53,overcast clouds
389,Nikki,BJ,9.9401,3.2108,73.15,84,88,5.99,overcast clouds
390,Meulaboh,ID,4.1363,96.1285,75.94,90,99,2.84,overcast clouds
391,Nkayi,CG,-4.1841,13.2884,74.71,70,14,1.57,few clouds
392,Coihaique,CL,-45.5752,-72.0662,44.55,70,100,6.91,light rain
393,Petapa,GT,14.5028,-90.5517,72.75,84,75,11.5,broken clouds
394,Dryden,CA,49.7833,-92.7503,53.89,62,75,9.22,broken clouds
395,Yaan,NG,7.3833,8.5667,73.27,87,100,3.44,overcast clouds
396,Mareeba,AU,-17.0,145.4333,72.45,90,89,2.24,overcast clouds
397,Kibala,TD,9.1104,18.3463,80.55,89,0,0.0,clear sky
398,Luderitz,NA,-26.6481,15.1594,69.39,27,59,9.69,broken clouds
399,Markova,UA,48.6758,24.4138,52.66,95,43,0.49,scattered clouds
400,Onega,RU,63.9061,38.1404,47.37,90,64,5.48,light rain
401,Kalikapur,IN,22.6167,86.2833,83.35,58,46,3.44,scattered clouds
402,Peno,RU,56.9262,32.7426,46.74,93,17,4.72,few clouds
403,Raeren,BE,50.6677,6.1168,60.04,88,94,11.45,overcast clouds
404,Sosnovo-Ozerskoye,RU,52.5249,111.5418,50.16,89,100,2.33,overcast clouds
405,Comodoro Rivadavia,AR,-45.8667,-67.5,51.66,25,0,12.66,clear sky
406,Mushie,CD,-3.0167,16.9,74.89,62,79,2.01,broken clouds
407,Bocas Del Toro,PA,9.3333,-82.25,83.41,70,93,2.77,overcast clouds
408,Murray,US,40.6669,-111.888,77.79,39,0,10.36,clear sky
409,Kurunegala,LK,7.4863,80.3623,73.9,89,89,5.03,overcast clouds
410,Banjar,ID,-8.19,114.9675,77.47,85,95,3.15,overcast clouds
411,Salym,RU,60.0625,71.4789,32.65,88,56,0.87,broken clouds
412,Sur,OM,22.5667,59.5289,85.89,54,0,9.35,clear sky
413,Ahipara,NZ,-35.1667,173.1667,62.22,79,27,6.53,scattered clouds
414,Matagami,CA,49.7502,-77.6328,57.31,72,100,4.61,overcast clouds
415,Taoudenni,ML,22.6783,-3.9836,99.72,9,53,12.93,broken clouds
416,Caluquembe,AO,-13.7833,14.6833,50.36,53,10,4.32,clear sky
417,Asfi,MA,32.2994,-9.2372,66.97,81,0,19.17,clear sky
418,Conceicao Do Araguaia,BR,-8.2578,-49.2647,76.62,56,6,1.21,clear sky
419,Xinyu,CN,27.8043,114.9334,74.98,94,79,1.59,broken clouds
420,Lavrentiya,RU,65.5833,-171.0,41.16,69,95,2.66,overcast clouds
421,Campos Belos,BR,-13.0367,-46.7717,72.07,48,6,4.83,clear sky
422,Neuquen,AR,-38.9516,-68.0591,51.69,66,0,4.61,clear sky
423,Pauini,BR,-7.7136,-66.9764,75.56,88,95,1.86,overcast clouds
424,Kedrovyy,RU,56.1667,91.8167,43.21,98,100,3.24,moderate rain
425,Viborg,DK,56.4532,9.402,55.62,87,100,7.16,overcast clouds
426,Minden,DE,52.2833,8.9167,65.46,80,100,16.89,overcast clouds
427,San Fernando,PH,15.0286,120.6898,83.93,78,100,1.9,overcast clouds
428,Aktau,KZ,43.65,51.2,68.58,44,73,3.98,broken clouds
429,Kununurra,AU,-15.7667,128.7333,82.38,61,56,5.75,broken clouds
430,Half Moon Bay,US,37.4636,-122.4286,80.51,84,100,13.8,mist
431,Tchaourou,BJ,8.8865,2.5975,73.4,87,94,6.78,overcast clouds
432,Macheng,CN,31.1783,115.0319,76.33,79,86,2.17,overcast clouds
433,North Bend,US,43.4065,-124.2243,65.91,87,100,16.11,overcast clouds
434,Hokitika,NZ,-42.7167,170.9667,53.53,91,100,3.27,overcast clouds
435,Camacha,PT,33.0833,-16.3333,62.02,77,20,9.22,few clouds
436,Japura,ID,-0.3167,102.35,72.41,97,73,1.19,broken clouds
437,Cobija,BO,-11.0267,-68.7692,77.76,73,100,2.28,overcast clouds
438,Jaisalmer,IN,26.9147,70.9181,81.91,52,1,21.65,clear sky
439,Iqaluit,CA,63.7506,-68.5145,53.33,54,0,16.11,clear sky
440,Yonezawa,JP,37.9167,140.1167,53.13,94,100,6.06,light rain
441,Ambilobe,MG,-13.2,49.05,66.06,82,8,3.44,clear sky
442,Roald,NO,62.5833,6.1333,47.75,81,12,9.22,few clouds
443,Igrim,RU,63.1906,64.4162,36.75,76,11,4.29,few clouds
444,Alice Springs,AU,-23.7,133.8833,47.75,87,75,0.0,broken clouds
445,Kulhudhuffushi,MV,6.6221,73.07,81.93,78,86,14.88,overcast clouds
446,Fairbanks,US,64.8378,-147.7164,74.61,18,0,10.36,clear sky
447,Grinties,RO,47.05,25.8667,58.03,98,99,2.95,overcast clouds
448,Asau,RO,46.4333,26.4,58.95,94,99,3.87,overcast clouds
449,Hastings,GB,50.8552,0.5729,56.52,92,100,11.65,overcast clouds
450,Sao Sebastiao Do Paraiso,BR,-20.9169,-46.9914,60.28,68,8,4.99,clear sky
451,Lianzhou,CN,24.7811,112.3825,75.74,100,100,0.69,light rain
452,Dunedin,NZ,-45.8742,170.5036,55.06,64,1,3.0,clear sky
453,Yar-Sale,RU,66.8333,70.8333,38.28,49,76,3.06,broken clouds
454,Gravdal,NO,68.1214,13.5031,44.6,63,98,21.85,overcast clouds
455,Metro,ID,-5.1131,105.3067,74.79,91,100,4.38,overcast clouds
456,Poum,NC,-20.2333,164.0167,77.59,71,5,13.71,clear sky
457,Arlit,NE,18.7369,7.3853,89.42,10,10,8.14,clear sky
458,Verkhnyaya Inta,RU,65.9811,60.3094,45.23,54,58,9.01,broken clouds
459,Hasaki,JP,35.7333,140.8333,61.2,85,100,11.56,moderate rain
460,Margate,GB,51.3813,1.3862,54.7,91,100,3.0,overcast clouds
461,Saint-Francois,FR,46.4154,3.9054,56.68,94,0,0.0,clear sky
462,Bossangoa,CF,6.4926,17.4552,68.68,95,86,2.08,moderate rain
463,Sulangan,PH,11.1373,123.7228,82.45,72,100,2.91,overcast clouds
464,Kamenka,RU,51.3223,42.7678,54.88,92,100,11.39,light rain
465,Cao Bang,VN,22.6667,106.25,75.43,94,100,2.37,overcast clouds
466,Santa Cruz De Tenerife,ES,28.4682,-16.2546,68.61,85,100,16.11,overcast clouds
467,Carauari,BR,-4.8828,-66.8958,75.09,93,47,2.3,scattered clouds
468,Taperoa,BR,-7.2075,-36.8267,70.34,86,37,13.65,scattered clouds
469,Galesong,ID,-5.3166,119.3661,75.22,81,7,4.76,clear sky
470,Belaya Gora,RU,68.5333,146.4167,56.44,33,74,11.52,broken clouds
471,Samarai,PG,-10.6167,150.6667,82.71,74,82,13.15,broken clouds
472,Susangerd,IR,31.5608,48.1831,99.66,12,13,12.71,few clouds
473,Yerofey Pavlovich,RU,53.9667,121.9667,65.03,45,22,2.01,few clouds
474,Pandan,PH,14.0453,124.1694,81.07,78,95,4.21,overcast clouds
475,Tessalit,ML,20.1986,1.0114,93.33,7,2,6.8,clear sky
476,Darhan,MN,49.4867,105.9228,59.22,59,100,4.09,overcast clouds
477,Whitianga,NZ,-36.8333,175.7,60.76,87,92,8.01,overcast clouds
478,Bonthe,SL,7.5264,-12.505,78.24,86,100,8.1,overcast clouds
479,San Carlos De Bariloche,AR,-41.1456,-71.3082,46.15,66,75,24.16,broken clouds
480,Dharmadam,IN,11.7833,75.4333,78.39,89,100,3.98,light rain
481,Bardiyah,LY,31.7561,25.0865,72.48,80,0,9.26,clear sky
482,Manavalakurichi,IN,8.1333,77.3,78.66,88,100,11.27,overcast clouds
483,Ixtapa,MX,20.7,-105.2,79.23,78,75,11.5,broken clouds
484,Gamboma,CG,-1.8764,15.8644,75.33,69,73,1.1,broken clouds
485,Matay,EG,28.419,30.7792,82.44,41,0,10.71,clear sky
486,Laguna,US,38.421,-121.4238,81.07,53,100,12.66,overcast clouds
487,Araouane,ML,18.9048,-3.5265,97.72,12,12,2.24,few clouds
488,Kurchum,KZ,48.5722,83.6542,44.55,81,12,6.67,few clouds
489,Naze,JP,28.3667,129.4833,74.32,85,100,25.77,moderate rain
490,Tabuk,PH,17.4189,121.4443,77.97,79,84,2.19,broken clouds
491,Dzerzhinsk,RU,56.2389,43.4631,54.82,100,0,0.0,clear sky
492,Phan Thiet,VN,10.9333,108.1,78.26,86,42,7.36,scattered clouds
493,Mabaruma,GY,8.2,-59.7833,71.64,99,100,2.82,overcast clouds
494,Padang,ID,-0.9492,100.3543,75.25,83,100,2.64,overcast clouds
495,Tomatlan,MX,19.9333,-105.25,83.14,56,0,8.48,clear sky
496,Lubango,AO,-14.9172,13.4925,53.22,42,31,5.57,scattered clouds
497,Santa Barbara,US,34.7333,-120.0343,86.34,52,77,14.09,broken clouds
498,Callaway,US,30.153,-85.5699,78.96,70,0,11.5,clear sky
499,Madang,PG,-5.2246,145.7966,80.08,79,74,2.77,broken clouds
500,Ourossogui,SN,15.6064,-13.3211,95.0,34,0,13.8,thunderstorm
501,Erzin,TR,36.9559,36.2,65.39,81,0,1.77,clear sky
502,Hualmay,PE,-11.0964,-77.6139,66.45,80,91,12.88,overcast clouds
503,Cerro Punta,PA,8.85,-82.5667,55.45,98,100,0.76,overcast clouds
504,Muroto,JP,33.2833,134.15,71.37,90,100,6.8,overcast clouds
505,Quebrangulo,BR,-9.3189,-36.4711,68.94,99,51,6.42,broken clouds
506,Yeppoon,AU,-23.1333,150.7333,71.38,79,47,5.91,scattered clouds
507,Garissa,KE,-0.4536,39.6401,75.52,69,86,13.29,overcast clouds
508,Nouadhibou,MR,20.931,-17.0347,66.18,82,62,16.11,broken clouds
509,Goure,NE,13.9835,10.2704,92.28,22,100,12.95,overcast clouds
510,Shache,CN,38.4167,77.2406,70.72,26,100,0.4,overcast clouds
511,Severo-Yeniseyskiy,RU,60.3725,93.0408,43.47,62,100,1.52,overcast clouds
512,Bagdarin,RU,54.4333,113.6,55.63,79,100,1.83,light rain
513,Winneba,GH,5.3511,-0.6231,77.85,85,100,10.42,light rain
514,Tyrma,RU,50.0833,132.1667,65.62,47,10,1.81,clear sky
515,Nueva Loja,EC,0.0847,-76.8828,69.58,98,75,1.68,broken clouds
516,Ankara,TR,39.9199,32.8543,67.39,56,0,0.0,clear sky
517,Port Hueneme,US,34.1478,-119.1951,88.79,69,0,16.11,clear sky
518,Tautira,PF,-17.7333,-149.15,80.33,72,69,16.4,broken clouds
519,Cockburn Town,TC,21.4612,-71.1419,82.36,74,75,9.22,broken clouds
520,Nurota,UZ,40.5614,65.6886,72.19,18,1,6.46,clear sky
521,Goderich,CA,43.7501,-81.7165,61.12,72,100,8.05,light rain
522,Sao Miguel Do Araguaia,BR,-13.275,-50.1628,75.67,38,2,4.63,clear sky
523,San Ramon De La Nueva Oran,AR,-23.1322,-64.326,61.43,79,97,2.01,overcast clouds
524,Rio Grande,BR,-32.035,-52.0986,60.91,95,99,3.87,overcast clouds
525,Pierre,US,44.3683,-100.351,73.06,75,100,6.91,overcast clouds
526,Paamiut,GL,61.994,-49.6678,40.78,77,0,7.78,clear sky
527,Boshnyakovo,RU,49.6333,142.1667,50.49,69,4,4.47,clear sky
528,Qaqortoq,GL,60.7167,-46.0333,43.75,66,100,6.17,overcast clouds
529,Belmonte,BR,-15.8631,-38.8828,71.62,73,93,11.77,overcast clouds
530,Huangnihe,CN,43.5583,128.0239,43.77,96,100,9.89,overcast clouds
531,Astoria,US,46.1879,-123.8313,56.46,92,100,10.36,overcast clouds
532,Aztec,US,36.8222,-107.9929,87.21,16,84,17.94,broken clouds
533,Muros,ES,42.7762,-9.0603,63.09,80,98,8.68,overcast clouds
534,College,US,64.8569,-147.8028,74.59,18,20,10.36,few clouds
535,Fortuna,US,40.5982,-124.1573,65.32,63,20,8.05,few clouds
536,Stornoway,GB,58.2093,-6.3865,49.93,87,0,5.75,clear sky
537,Rongcheng,CN,30.634,117.8517,76.87,82,57,3.22,broken clouds
538,Oktyabrskoye,RU,43.0645,44.7417,59.14,94,67,2.24,broken clouds
539,Port Hedland,AU,-20.3167,118.5667,66.25,48,0,10.36,clear sky
540,Lagoa,PT,39.05,-27.9833,63.73,96,91,16.6,overcast clouds
541,West Wendover,US,40.7391,-114.0733,78.01,27,40,16.11,scattered clouds
542,Opuwo,NA,-18.0607,13.84,57.85,38,100,11.39,overcast clouds
543,San Quintin,MX,30.4833,-115.95,67.44,77,2,19.44,clear sky
544,Namatanai,PG,-3.6667,152.4333,84.0,66,60,3.53,broken clouds
545,Ornskoldsvik,SE,63.2909,18.7153,40.98,74,3,5.86,clear sky
546,Ziway,ET,7.9333,38.7167,64.54,79,91,8.75,light rain
547,Homer,US,59.6425,-151.5483,69.04,60,20,17.27,few clouds
548,Najran,SA,17.4924,44.1277,72.25,18,0,3.13,clear sky
549,Karratha,AU,-20.7377,116.8463,68.59,50,39,13.98,scattered clouds
550,Camocim,BR,-2.9022,-40.8411,75.81,91,77,10.31,broken clouds
551,Aljezur,PT,37.3191,-8.8033,60.67,83,24,12.37,few clouds
552,High Level,CA,58.5169,-117.136,75.31,25,75,11.5,broken clouds
553,Srikakulam,IN,18.3,83.9,81.99,88,46,9.1,scattered clouds
554,Yangambi,CD,0.8102,24.4336,68.31,98,72,2.46,broken clouds
555,Chibombo,ZM,-14.6569,28.0706,50.2,78,10,5.68,clear sky
556,Roma,US,43.2128,-75.4557,71.74,40,0,10.36,clear sky
557,Marystown,CA,47.1666,-55.1483,50.86,100,85,5.08,overcast clouds
558,Vestmannaeyjar,IS,63.4427,-20.2734,49.19,93,100,19.57,mist
559,Jumla,NP,29.2747,82.1838,54.32,62,33,4.16,scattered clouds
560,Calatagan,PH,13.8833,120.65,83.5,72,60,4.32,broken clouds
561,Ekpoma,NG,6.7421,6.139,68.4,97,99,0.31,overcast clouds
562,Hambantota,LK,6.1241,81.1185,77.88,87,94,16.06,light rain
563,Siderno,IT,38.2779,16.302,81.34,47,6,8.39,clear sky
564,Shar,KZ,49.5886,81.0453,47.07,70,65,2.62,broken clouds
565,Gallup,US,35.5281,-108.7426,84.96,14,0,16.11,clear sky
566,Prince Albert,CA,53.2001,-105.7677,62.55,31,20,12.66,few clouds
567,Atasu,KZ,48.6814,71.6433,54.68,51,100,12.82,overcast clouds
568,Bahia Blanca,AR,-38.7196,-62.2724,49.89,69,53,8.48,broken clouds
569,Srednekolymsk,RU,67.45,153.6833,50.83,38,83,14.38,broken clouds
570,Secovce,SK,48.7007,21.661,59.88,87,0,4.0,clear sky
571,Talara,PE,-4.5772,-81.2719,65.37,90,33,16.96,scattered clouds
572,Kropotkin,RU,45.4375,40.5756,63.01,97,95,5.3,overcast clouds
573,Nkwerre,NG,5.7556,7.1063,69.85,97,93,2.3,overcast clouds
574,Tambacounda,SN,13.7539,-13.7586,93.25,49,0,4.61,clear sky
575,Flinders,AU,-34.5833,150.8552,55.38,58,19,17.0,few clouds
576,Faya,SA,18.3851,42.4509,66.31,18,13,2.59,few clouds
577,Londoko,RU,49.0333,131.9833,66.63,42,1,1.9,clear sky
578,Karaton,ID,-6.3424,106.1045,72.82,93,100,3.4,overcast clouds
579,Boysun,UZ,38.2061,67.1986,65.73,31,0,4.41,clear sky
580,Shimoda,JP,34.6667,138.95,62.96,94,100,22.39,light rain
581,Sabang,ID,5.8933,95.3214,82.63,77,100,12.71,overcast clouds
582,Show Low,US,34.2542,-110.0298,84.49,16,0,13.8,clear sky
583,Skjervoy,NO,70.0311,20.9714,44.6,74,90,24.43,overcast clouds
584,Santiago,CL,-33.4569,-70.6483,58.86,53,0,8.05,clear sky
585,Khani,GE,41.9563,42.9566,54.97,95,78,1.43,broken clouds
586,Mantua,IT,45.1667,10.7833,70.09,77,67,3.0,broken clouds
587,Daneti,RO,43.9833,24.05,68.92,87,31,12.1,scattered clouds
588,Panama City,PA,8.9936,-79.5197,83.93,83,40,5.75,scattered clouds
589,Santa Fe,AR,-31.6333,-60.7,57.0,78,100,3.0,overcast clouds
590,Aguimes,ES,27.9054,-15.4461,66.83,68,20,26.46,few clouds
591,Pacific Grove,US,36.6177,-121.9166,76.33,81,75,10.36,broken clouds
592,Tual,ID,-5.6667,132.75,82.71,75,36,9.42,scattered clouds
593,Shieli,KZ,44.1667,66.75,74.59,25,80,7.38,broken clouds
594,Mo I Rana,NO,66.3128,14.1428,41.47,93,100,3.44,overcast clouds
595,Goya,AR,-29.14,-59.2626,60.49,98,100,6.38,light rain
596,Hervey Bay,AU,-25.2986,152.8535,66.02,96,97,11.01,light rain
597,Nikolayevka,RU,53.1257,47.2041,57.13,93,100,3.74,overcast clouds
598,Katherine,AU,-14.4667,132.2667,77.32,57,63,5.75,broken clouds
599,Stepnyak,KZ,52.8339,70.7803,52.39,63,76,2.73,broken clouds
600,Mandalgovi,MN,45.7625,106.2708,52.59,55,100,21.59,overcast clouds
601,Pozoblanco,ES,38.3791,-4.8483,62.65,39,6,2.28,clear sky
602,Hirara,JP,24.8,125.2833,84.47,84,75,19.57,broken clouds
603,Atbasar,KZ,51.8,68.3333,55.35,56,100,10.83,overcast clouds
604,Partur,IN,19.6,76.2167,85.41,51,100,11.32,overcast clouds
605,Rocky Mountain House,CA,52.3668,-114.9188,50.11,100,100,10.36,overcast clouds
606,Salekhard,RU,66.53,66.6019,42.44,41,86,3.2,overcast clouds
607,Puerto Gaitan,CO,4.3133,-72.0816,75.79,84,41,5.66,scattered clouds
608,Tanout,NE,14.9709,8.8879,83.21,42,77,15.64,broken clouds
609,Ruwi,OM,23.5996,58.5507,90.14,33,0,4.29,clear sky
610,Bara,NG,10.3744,10.7288,78.06,66,43,6.22,scattered clouds
611,Wendelstein,DE,49.3536,11.1483,60.46,88,0,6.91,clear sky
612,Honningsvag,NO,70.9821,25.9704,44.35,70,75,2.3,broken clouds
613,Kumluca,TR,36.3703,30.2869,74.23,64,84,3.94,broken clouds
614,Port Macquarie,AU,-31.4333,152.9167,63.9,49,22,8.12,few clouds
615,Ituporanga,BR,-27.4144,-49.6025,56.28,99,80,1.54,broken clouds
616,Roxas,PH,11.5853,122.7511,81.14,79,100,3.69,overcast clouds
617,Carballo,ES,43.213,-8.691,63.55,81,99,7.09,overcast clouds
618,Zhongshu,CN,24.5167,103.7667,62.24,96,100,4.16,overcast clouds
619,Fuling,CN,29.7022,107.3919,69.33,97,100,2.06,overcast clouds
620,Avera,US,33.194,-82.5271,83.71,47,84,7.43,broken clouds
621,Ramjibanpur,IN,22.8333,87.6167,82.42,78,19,14.03,few clouds
622,Pevek,RU,69.7008,170.3133,33.35,80,48,8.7,scattered clouds
623,Naivasha,KE,-0.7167,36.4359,56.1,88,85,2.13,overcast clouds
624,Tahta,EG,26.7693,31.5021,86.27,23,75,5.53,broken clouds
625,Leo,BF,11.1,-2.1,82.2,49,98,11.65,overcast clouds
626,Brae,GB,60.3964,-1.353,48.69,88,45,1.54,scattered clouds
627,Weligama,LK,5.9667,80.4167,76.66,90,100,10.4,moderate rain
628,Gamba,GA,-2.65,10.0,71.83,94,82,1.77,broken clouds
629,Takoradi,GH,4.8845,-1.7554,77.68,87,100,10.25,light rain
630,Peace River,CA,56.2501,-117.286,73.71,33,100,11.5,overcast clouds
631,Kapoeta,SS,4.7717,33.5903,78.8,40,74,7.9,broken clouds
632,Sinnamary,GF,5.3833,-52.95,77.31,87,97,10.63,overcast clouds
633,Husavik,IS,66.0449,-17.3389,41.05,64,66,15.46,broken clouds
634,Glens Falls,US,43.3095,-73.644,73.13,35,75,3.44,broken clouds
635,Dunmore Town,BS,25.5,-76.65,80.19,81,7,6.44,clear sky
636,Tamandare,BR,-8.7597,-35.1047,75.24,86,3,7.74,clear sky
637,Ola,RU,59.5833,151.2833,64.15,89,85,6.24,overcast clouds
638,Mogoytuy,RU,51.2833,114.9167,62.94,46,98,1.12,overcast clouds
639,Salalah,OM,17.0151,54.0924,84.29,79,75,5.75,broken clouds
640,Katsina,NG,12.9894,7.6006,82.65,47,93,6.91,overcast clouds
641,Ninh Binh,VN,20.2539,105.975,83.66,80,100,7.56,overcast clouds
642,Vieux-Habitants,GP,16.0589,-61.7659,80.17,79,93,12.86,overcast clouds
643,Port Blair,IN,11.6667,92.75,75.24,100,100,2.3,moderate rain
644,Berberati,CF,4.2612,15.7922,67.17,99,100,2.86,moderate rain
645,Rypefjord,NO,70.6333,23.6667,43.27,75,40,5.75,scattered clouds
646,Praya,CV,14.9215,-23.5087,73.94,78,0,26.46,clear sky
647,Carlisle,US,40.2015,-77.1889,78.44,31,42,4.88,scattered clouds
648,Yomou,GN,7.5603,-9.2653,69.75,99,100,0.65,moderate rain
649,Krasnoselkup,RU,65.7,82.4667,35.64,54,7,9.17,clear sky
650,Birobidzhan,RU,48.8,132.95,64.11,58,6,4.43,clear sky
651,Fuyu,CN,45.1833,124.8167,52.18,85,100,13.27,overcast clouds
652,Neepawa,CA,50.2289,-99.4664,59.4,63,63,11.74,broken clouds
653,Luanda,AO,-8.8368,13.2343,75.2,88,20,4.61,few clouds
654,Sechura,PE,-5.5569,-80.8222,67.57,78,78,15.73,broken clouds
655,Alta Floresta,BR,-9.8756,-56.0861,73.49,62,6,3.24,clear sky
656,Soyo,AO,-6.1349,12.3689,73.04,93,49,3.38,scattered clouds
657,Isangel,VU,-19.55,169.2667,79.03,65,18,7.0,few clouds
658,Chino,US,34.0122,-117.6889,89.58,51,20,12.66,few clouds
659,Boyolangu,ID,-8.1181,111.8935,76.08,90,97,1.66,overcast clouds
660,Lahaina,US,20.8783,-156.6825,86.0,83,41,6.96,scattered clouds
661,Yichang,CN,30.7144,111.2847,77.65,72,92,5.23,overcast clouds
662,Kodinsk,RU,58.6881,99.1844,50.85,57,66,3.24,broken clouds
663,Bilibino,RU,68.0546,166.4372,39.67,49,99,6.85,overcast clouds
664,Krasnyy Kommunar,RU,51.9644,55.3668,60.87,93,40,6.71,scattered clouds
665,Abu Samrah,SY,35.3029,37.1841,66.96,56,0,6.55,clear sky
666,Nosy Varika,MG,-20.5833,48.5333,66.42,93,43,6.62,scattered clouds
667,Bud,US,39.447,-86.1758,84.15,37,55,5.73,broken clouds
668,Bagado,CO,5.4116,-76.4152,76.35,97,83,1.63,heavy intensity rain
669,Conway,US,35.0887,-92.4421,84.18,81,0,11.5,clear sky
670,Dhidhdhoo,MV,6.8833,73.1,81.93,78,78,14.47,broken clouds
671,Pyapon,MM,16.2833,95.6833,77.85,89,80,5.77,broken clouds
672,Alugan,PH,12.2188,125.4808,81.66,74,86,3.78,overcast clouds
673,Colonia,DE,50.9333,6.95,63.25,81,75,9.22,broken clouds
674,Angoram,PG,-4.0625,144.0661,84.92,68,52,2.42,broken clouds
675,Rapid City,US,44.0805,-103.231,78.1,69,100,3.44,overcast clouds
676,Copiapo,CL,-27.3667,-70.3333,55.09,64,86,1.61,overcast clouds
677,Jamame,SO,0.0722,42.7506,76.05,79,95,9.06,overcast clouds
678,Vao,NC,-22.6667,167.4833,73.36,70,23,6.93,few clouds
679,Nemuro,JP,43.3236,145.575,44.78,83,90,10.29,overcast clouds
680,Dobromir,RO,44.0167,27.7833,66.56,91,62,7.96,broken clouds
681,Lasa,IT,46.6166,10.7002,59.88,92,80,6.38,broken clouds
682,Aklavik,CA,68.2191,-135.0107,44.67,46,39,6.31,scattered clouds
683,Astana,KZ,51.1801,71.446,55.35,62,0,4.47,clear sky
684,Coahuayana,MX,18.7333,-103.6833,82.42,67,60,6.2,broken clouds
685,Abbotsford,CA,49.058,-122.2526,60.73,95,100,11.5,moderate rain
686,Caravelas,BR,-17.7125,-39.2481,69.12,80,64,9.08,broken clouds
687,Sayyan,YE,15.1718,44.3244,61.3,30,16,4.34,few clouds
688,Cacoal,BR,-11.4386,-61.4472,74.75,68,34,3.78,scattered clouds
689,Polis,CY,35.0367,32.4264,71.42,93,4,3.91,clear sky
690,Mujiayingzi,CN,42.1167,118.7833,52.25,77,100,18.88,overcast clouds
691,Nagato,JP,34.3833,131.2,65.19,86,96,6.38,overcast clouds
692,La Paz,BO,-16.5,-68.15,48.18,87,75,5.75,broken clouds
693,Boundiali,CI,9.5217,-6.4869,73.62,84,100,7.2,overcast clouds
694,Olinda,BR,-8.0089,-34.8553,76.73,83,20,5.75,few clouds
695,Howard Springs,AU,-12.497,131.047,82.87,92,31,4.03,scattered clouds
696,Dordrecht,NL,51.81,4.6736,59.14,84,100,5.01,overcast clouds
697,Ariyalur,IN,11.1333,79.0833,78.84,73,99,5.17,overcast clouds
698,Wang Saphung,TH,17.301,101.7685,75.22,100,20,1.14,few clouds
699,Mogadishu,SO,2.0371,45.3438,78.55,79,80,19.95,broken clouds
